{
  "vocab_size": 50096,
  "num_transformer_layers": 30,
  "model_dim": 576,
  "num_heads": 9,
  "head_dim": 64,

  "ffn_multipliers": [2.6666667,2.6666667,2.6666667,2.6666667,2.6666667,2.6666667,2.6666667,2.6666667,2.6666667,2.6666667,
                      2.6666667,2.6666667,2.6666667,2.6666667,2.6666667,2.6666667,2.6666667,2.6666667,2.6666667,2.6666667,
                      2.6666667,2.6666667,2.6666667,2.6666667,2.6666667,2.6666667,2.6666667,2.6666667,2.6666667,2.6666667],
  "ffn_dim_divisor": 256,
  "ffn_with_glu": true,

  "rope_freq_constant": 10000,
  "rope_max_length": 512,
  "normalization_layer_name": "rmsnorm",
  "activation_fn_name": "silu",

  "context_size": 512,
  "dropout": 0.0,

  "max_iterations": 1000000,
  "warmup_iterations": 20000,
  "max_lr": 0.0001,
  "min_lr": 0.000001,
  "weight_decay": 0.01,
  "grad_clip": 1.0,

  "mlx_dtype": "bfloat16",
  "tokenizer_path": "tokenizer/fineweb_spm/spm.model",
  "checkpoint_dir": "runs/sml-lm",

  "local_bs": 2,
  "accum_steps": 8
}